addr	size	name	confidence	args	ret	callers	callees	frame	saved	tags
0x800123E0	96	func_800123E0	high	1	u32	1	0	0		leaf|gp
0x80012440	288	func_80012440	high	2	u32	1	0	0		leaf|gp
0x80012560	8	func_80012560	high	0	void	1	0	0		leaf
0x80012568	48	func_80012568	high	1	u32	1	0	0		leaf
0x80012598	3548	func_80012598	high	0	u32	1	5	0	s0|s1|s2|ra	gp
0x80013374	208	func_80013374	high	0	u32	1	1	0	ra	gp
0x80013444	404	func_80013444	verified	2	u32	3	2	56	s0|s1|s2|s3|s4|s5|s6|s7|ra	
0x800135D8	340	func_800135D8	verified	1	u32	1	2	48	s0|s1|ra	indirect
0x80013838	568	func_80013838	verified	1	u32	2	2	32	s0|s1|ra	
0x80013A70	424	func_80013A70	verified	1	u32	1	2	32	s0|s1|s2|ra	
0x80013C18	12008	func_80013C18	high	1	u32	3	35	0	s0|s1|s2|s3|s4|s5|s6|s7|fp|ra	gte|break|gp|addr_taken
0x80016B00	968	func_80016B00	verified	4	u32	2	2	40	s0|s1|s2|s3|ra	gp
0x80016EC8	356	func_80016EC8	verified	2	u32	1	1	48	s0|s1|s2|s3|ra	
0x8001702C	312	func_8001702C	verified	1	u32	2	3	32	s0|s1|ra	gp
0x80017164	436	func_80017164	verified	1	u32	1	6	40	s0|s1|s2|s3|ra	
0x80017318	692	func_80017318	verified	1	u32	4	8	32	s0|s1|s2|ra	
0x800175CC	4176	func_800175CC	verified	4	u32	1	2	64	s0|s1|s2|s3|s4|s5|s6|s7|fp|ra	break
0x8001861C	508	func_8001861C	verified	1	u32	1	0	8	s0|s1	leaf
0x80018818	144	func_80018818	verified	4	u32	1	2	40	s0|s1|s2|s3|ra	
0x800188A8	624	func_800188A8	medium	4	u32	1	2	32	s0|s1|ra	orphan
0x80018B18	136	func_80018B18	low	0	u32	0	0	0		leaf|orphan
0x80018D20	124	func_80018D20	high	1	u32	1	0	0		leaf
0x80018D9C	156	func_80018D9C	verified	2	u32	1	1	24	s0|ra	
0x80018E38	136	func_80018E38	high	1	u32	2	1	0	ra	
0x80018EC0	300	func_80018EC0	medium	1	u32	1	1	56	s0|s1|s2|ra	orphan
0x80018FEC	316	func_80018FEC	low	4	u32	1	0	0		leaf|orphan
0x80019128	928	func_80019128	medium	4	u32	0	3	64	s0|s1|s2|s3|s4|s5|ra	gte|orphan
0x800194C8	1072	func_800194C8	low	4	u32	1	7	0	s0|s1|s2|s3|s4|s5|ra	break|orphan
0x800198F8	1412	func_800198F8	medium	4	u32	0	2	64	s0|s1|s2|s3|s4|s5|s6|ra	break|orphan
0x80019E7C	220	func_80019E7C	medium	4	u32	1	2	32	s0|s1|ra	orphan
0x80019F58	252	func_80019F58	medium	4	u32	1	3	40	s0|s1|s2|s3|ra	orphan
0x8001A0BC	4504	func_8001A0BC	medium	4	u32	0	10	96	s0|s1|s2|s3|s4|s5|ra	gte|break|orphan
0x8001B254	224	func_8001B254	verified	3	u32	1	1	48	s0|s1|ra	gte
0x8001C360	192	func_8001C360	verified	1	u32	1	5	24	ra	gp
0x8001C420	80	func_8001C420	verified	2	u32	1	2	48	s0|ra	
0x8001C470	132	func_8001C470	high	0	u32	8	4	0	ra	gp
0x8001C4F4	120	func_8001C4F4	high	0	u32	2	3	0	s0|ra	gp
0x8001C56C	568	func_8001C56C	high	1	u32	1	4	0	s0|s1|s2|s3|ra	gp
0x8001C9E4	128	func_8001C9E4	verified	0	u32	1	5	24	ra	gp
0x8001CA64	52	func_8001CA64	verified	0	void	1	3	24	ra	gp
0x8001CA98	328	func_8001CA98	low	0	u32	0	0	0		leaf|gp|orphan
0x8001CBE0	56	func_8001CBE0	high	1	u32	3	0	0		leaf|gp
0x8001CC18	264	func_8001CC18	high	3	u32	1	4	0	s0|s1|s2|s3|ra	gp
0x8001CD20	148	func_8001CD20	high	2	u32	2	1	0	s0|s1|ra	gp
0x8001CDB4	484	func_8001CDB4	high	2	u32	4	7	0	s0|s1|s2|ra	gp
0x8001CF98	84	func_8001CF98	high	0	u32	3	0	0		leaf|gp
0x8001CFEC	128	func_8001CFEC	high	0	u32	2	3	0	ra	gp
0x8001D06C	40	func_8001D06C	high	0	u32	1	1	0	ra	gp
0x8001D094	48	func_8001D094	high	1	u32	3	0	0		leaf
0x8001D0C4	1356	func_8001D0C4	verified	2	u32	1	1	56	s0|s1|s2|s3|s4|s5|s6|s7|ra	gte|break
0x8001D610	364	func_8001D610	verified	2	u32	1	1	32	s0|s1|s2|ra	addr_taken
0x8001D77C	456	func_8001D77C	verified	3	u32	1	2	24	ra	
0x8001EB0C	224	func_8001EB0C	low	4	u32	4	0	0		leaf
0x8001EBEC	504	func_8001EBEC	high	4	u32	3	0	0		gp|indirect
0x8001EDE4	312	func_8001EDE4	low	4	u32	1	0	0		leaf|gte|orphan
0x8001EF50	36	func_8001EF50	low	2	u32	1	0	0		leaf|orphan
0x8001EF74	872	func_8001EF74	low	4	u32	0	0	0		leaf|gte|orphan
0x8001F2DC	320	func_8001F2DC	low	4	u32	2	0	0		leaf|gte|orphan
0x8001F41C	468	func_8001F41C	medium	2	u32	1	3	32	s0|s1|s2|ra	orphan
0x8001F67C	116	func_8001F67C	medium	2	u32	2	2	20	ra	orphan
0x8001F6F0	256	func_8001F6F0	medium	2	u32	2	2	20	ra	orphan
0x8001F7F0	312	func_8001F7F0	low	1	u32	2	0	0		leaf|orphan
0x8001F928	792	func_8001F928	low	4	u32	1	1	0	ra	orphan
0x8001FC40	1060	func_8001FC40	low	4	u32	1	1	0	ra	gte|orphan
0x80020064	580	func_80020064	medium	2	u32	0	3	48	s0|s1|s2|s3|s4|s5|s6|ra	orphan
0x80020334	220	func_80020334	low	3	u32	0	0	0		leaf|orphan
0x80020C58	2216	func_80020C58	medium	4	u32	0	7	88	s0|s1|s2|s3|s4|s5|s6|s7|fp|ra	gte|break|orphan
0x80021500	148	func_80021500	verified	4	u32	2	1	24	ra	
0x80021594	488	func_80021594	verified	4	u32	2	1	48	s0|s1|s2|s3|s4|s5|s6|ra	
0x8002177C	280	func_8002177C	verified	4	u32	6	1	24	ra	
0x80021894	240	func_80021894	high	4	u32	3	0	0		leaf
0x80021984	156	func_80021984	high	2	u32	1	0	0		leaf|break
0x80021A20	160	func_80021A20	high	2	u32	1	0	0		leaf|break
0x80021AC0	212	func_80021AC0	verified	3	u32	1	1	48	s0|s1|s2|s3|s4|s5|ra	
0x80021B94	40	func_80021B94	high	3	u32	1	0	0		leaf
0x80021BBC	112	func_80021BBC	high	2	u32	1	0	0		leaf
0x80021C2C	96	func_80021C2C	high	2	u32	1	0	0		leaf
0x80021C8C	8	func_80021C8C	high	0	void	1	0	0		leaf
0x80021C94	268	func_80021C94	verified	3	u32	2	4	56	s0|s1|s2|s3|ra	
0x80021DA0	124	func_80021DA0	high	2	u32	1	0	0		leaf
0x80021E1C	140	func_80021E1C	high	2	u32	1	0	0		leaf
0x80021EA8	52	func_80021EA8	high	3	u32	1	0	0		leaf
0x80021EDC	856	func_80021EDC	verified	3	u32	1	2	72	s0|s1|s2|s3|s4|s5|s6|s7|fp|ra	
0x80022234	172	func_80022234	low	2	u32	1	0	0		leaf|orphan
0x800222E0	56	func_800222E0	high	1	u32	1	0	0		leaf|gp
0x80022318	220	func_80022318	high	3	u32	1	0	0		leaf|gp
0x800223F4	220	func_800223F4	high	3	u32	4	0	0		leaf
0x800224D0	44	func_800224D0	verified	2	u32	6	1	24	ra	
0x800224FC	892	func_800224FC	verified	4	u32	3	2	104	s0|s1|s2|s3|s4|s5|s6|s7|fp|ra	
0x80022878	76	func_80022878	verified	4	u32	28	1	32	ra	
0x800228C4	108	func_800228C4	verified	4	u32	1	1	32	s0|ra	
0x80022930	516	func_80022930	verified	4	u32	1	2	88	s0|s1|s2|s3|s4|s5|s6|s7|fp|ra	
0x80022B34	96	func_80022B34	verified	4	u32	2	1	40	ra	
0x80022B94	8	func_80022B94	high	0	void	1	0	0		leaf
0x80022B9C	64	func_80022B9C	verified	1	void	2	1	24	s0|ra	
0x80022BDC	172	func_80022BDC	high	2	u32	2	0	0		leaf
0x80022C88	164	func_80022C88	high	2	u32	1	0	0		leaf
0x80022D2C	132	func_80022D2C	high	2	u32	1	0	0		leaf
0x80022DB0	276	func_80022DB0	high	4	u32	3	0	0		leaf
0x80022EC4	400	func_80022EC4	high	4	u32	2	0	0		leaf
0x80023054	316	func_80023054	high	4	u32	6	0	0		leaf
0x80023190	760	func_80023190	medium	4	u32	1	0	24	s0|s1|s2|s3|s4	leaf|orphan
0x80023488	440	func_80023488	high	0	u32	1	0	0		leaf
0x80023640	324	func_80023640	high	1	u32	1	0	0		leaf
0x80023784	700	func_80023784	verified	1	u32	1	1	88	s0|s1|s2|s3|s4|s5|s6|s7|ra	
0x80023A40	780	func_80023A40	verified	2	u32	2	1	24	s0|ra	break
0x80023D4C	688	func_80023D4C	verified	2	u32	1	2	40	s0|s1|s2|s3|s4|ra	
0x80023FFC	112	func_80023FFC	high	0	u32	1	2	0	ra	
0x8002406C	588	func_8002406C	verified	4	u32	1	1	88	s0|s1|s2|s3|s4|s5|s6|s7|fp|ra	
0x800242B8	428	func_800242B8	high	1	u32	1	2	0	s0|ra	gp
0x80024464	184	func_80024464	verified	1	u32	1	2	24	s0|ra	
0x8002451C	8	func_8002451C	high	1	void	1	0	0		leaf
0x80024524	120	func_80024524	high	3	u32	1	0	0		leaf
0x8002459C	640	func_8002459C	verified	4	u32	1	4	88	s0|s1|s2|s3|s4|s5|s6|s7|fp|ra	gp
0x8002481C	36	func_8002481C	high	1	u32	1	0	0		leaf|gp
0x80024840	124	func_80024840	high	2	u32	1	0	0		leaf
0x800248BC	184	func_800248BC	verified	2	u32	1	3	40	s0|s1|s2|s3|ra	
0x80024974	660	func_80024974	verified	4	u32	1	5	64	s0|s1|s2|s3|s4|s5|ra	gp
0x80024C08	68	func_80024C08	high	1	u32	4	0	0		leaf|gp
0x80025138	116	func_80025138	medium	1	u32	0	1	24	s0|ra	orphan
0x800251AC	92	func_800251AC	verified	1	u32	1	2	24	s0|ra	
0x80025208	152	func_80025208	verified	0	void	1	1	24	ra	
0x800252A0	368	func_800252A0	medium	3	u32	1	4	40	s0|s1|s2|s3|ra	orphan
0x80025410	420	func_80025410	medium	1	u32	0	2	80	s0|s1|s2|s3|s4|s5|s6|s7|fp|ra	orphan
0x800255B4	356	func_800255B4	verified	1	u32	2	0	8	s0|s1	leaf
0x80025718	316	func_80025718	high	1	u32	1	0	0		leaf
0x80025854	1212	func_80025854	high	1	u32	1	0	0		leaf
0x80025D10	264	func_80025D10	high	1	u32	1	0	0		leaf|gp
0x80025E18	1208	func_80025E18	verified	1	u32	1	1	40	s0|s1|s2|s3|ra	break
0x800262D0	208	func_800262D0	verified	1	u32	1	4	32	s0|s1|ra	
0x800263A0	92	func_800263A0	high	3	u32	4	0	0		leaf
0x800263FC	68	func_800263FC	high	3	u32	2	0	0		leaf
0x80026440	128	func_80026440	high	3	u32	8	0	0		leaf
0x800264C0	128	func_800264C0	high	3	u32	10	0	0		leaf
0x80026540	128	func_80026540	high	3	u32	1	0	0		leaf
0x800265C0	732	func_800265C0	high	1	u32	2	0	0		leaf
0x8002689C	584	func_8002689C	verified	1	u32	1	1	80	s0|s1|s2|s3|s4|s5|s6|s7|fp|ra	
0x80026AE4	268	func_80026AE4	verified	1	u32	2	1	48	s0|s1|s2|s3|s4|s5|ra	
0x80026BF0	52	func_80026BF0	verified	1	void	2	2	24	s0|ra	
0x80026C24	148	func_80026C24	verified	1	u32	2	2	32	s0|s1|ra	
0x80026CB8	60	func_80026CB8	verified	1	u32	1	1	24	s0|ra	
0x80026CF4	136	func_80026CF4	low	0	u32	0	0	0		leaf|orphan
0x80026D7C	204	func_80026D7C	high	2	u32	1	0	0		leaf
0x80026E48	56	func_80026E48	verified	0	void	1	3	24	ra	
0x80026E80	88	func_80026E80	high	0	u32	3	0	0		leaf|gp
0x80026ED8	2400	func_80026ED8	verified	1	u32	2	7	96	s0|s1|s2|s3|s4|s5|s6|s7|ra	break|gp|addr_taken
0x80027838	848	func_80027838	verified	0	u32	1	8	40	s0|s1|s2|s3|s4|ra	gp
0x80027B88	620	func_80027B88	high	0	u32	1	3	0	s0|s1|s2|s3|s4|s5|s6|s7|fp|ra	gp
0x80027DF4	156	func_80027DF4	high	0	u32	1	0	0		leaf|gp
0x80027E90	144	func_80027E90	high	0	u32	2	1	0	s0|ra	gp
0x80027F20	1132	func_80027F20	verified	1	u32	2	1	40	ra	gp
0x8002838C	132	func_8002838C	high	3	u32	1	0	0		leaf|gp
0x80028410	44	func_80028410	low	0	u32	0	1	0	ra	gp|orphan
0x8002843C	44	func_8002843C	high	0	u32	1	0	0		leaf|gp
0x80028468	44	func_80028468	verified	2	void	21	1	24	ra	
0x80028494	60	func_80028494	verified	3	u32	5	1	24	ra	
0x800284D0	448	func_800284D0	verified	3	u32	12	6	80	s0|s1|s2|s3|s4|s5|s6|s7|ra	
0x80028690	376	func_80028690	high	2	u32	3	4	0	s0|s1|s2|s3|s4|s5|ra	
0x80028808	60	func_80028808	verified	1	void	8	3	24	s0|ra	
0x80028844	60	func_80028844	verified	1	void	5	3	24	s0|ra	
0x80028880	304	func_80028880	verified	2	u32	2	4	72	s0|s1|s2|s3|s4|s5|ra	
0x800289B0	420	func_800289B0	high	2	u32	2	4	0	s0|s1|s2|s3|s4|s5|ra	
0x80028B54	104	func_80028B54	low	1	u32	0	3	0	s0|ra	orphan
0x80028BBC	188	func_80028BBC	verified	1	u32	2	3	32	s0|s1|s2|ra	gp
0x80028C78	236	func_80028C78	high	4	u32	3	3	0	s0|s1|s2|s3|s4|ra	
0x80028D64	124	func_80028D64	high	0	u32	1	2	0	ra	
0x80028DE0	124	func_80028DE0	high	0	u32	1	2	0	ra	
0x80028E5C	216	func_80028E5C	high	3	u32	2	3	0	s0|s1|s2|s3|s4|ra	
0x80028F34	212	func_80028F34	high	2	u32	1	3	0	s0|s1|s2|s3|ra	
0x80029008	196	func_80029008	high	2	u32	1	3	0	s0|s1|s2|s3|ra	
0x800290CC	212	func_800290CC	high	3	u32	1	3	0	s0|s1|s2|s3|s4|ra	
0x800291A0	184	func_800291A0	high	1	u32	3	3	0	s0|s1|s2|ra	
0x80029258	136	func_80029258	high	0	u32	4	3	0	s0|s1|ra	
0x800292E0	28	func_800292E0	high	0	u32	1	0	0		leaf|gp
0x800292FC	188	func_800292FC	high	2	u32	1	3	0	ra	gp
0x800293B8	780	func_800293B8	high	0	u32	2	7	0	s0|s1|ra	gp
0x800296C4	108	func_800296C4	high	1	u32	1	1	0	s0|s1|ra	gp
0x80029730	112	func_80029730	high	2	u32	1	0	0		leaf
0x800297A0	132	func_800297A0	verified	2	u32	3	1	24	s0|ra	gp
0x80029824	76	func_80029824	high	0	u32	2	1	0	ra	gp
0x80029870	116	func_80029870	high	1	u32	1	1	0	s0|s1|ra	gp
0x800298E4	56	func_800298E4	high	0	u32	2	1	0	ra	gp
0x8002991C	108	func_8002991C	high	3	u32	1	0	0		leaf
0x80029988	200	func_80029988	high	1	u32	1	10	0	s0|ra	gp
0x80029A50	100	func_80029A50	high	1	u32	1	0	0		leaf|gp
0x80029AB4	120	func_80029AB4	high	1	u32	1	0	0		leaf|gp
0x80029B2C	276	func_80029B2C	verified	1	u32	1	7	40	s0|s1|s2|s3|ra	
0x80029C40	100	func_80029C40	high	1	u32	2	1	0	s0|ra	gp
0x80029CA4	284	func_80029CA4	high	0	u32	2	3	0	s0|s1|ra	gp
0x80029DC0	12	func_80029DC0	high	0	void	1	0	0		leaf|gp
0x80029DCC	68	func_80029DCC	high	2	u32	2	0	0		leaf
0x80029F80	496	func_80029F80	verified	4	u32	1	2	40	s0|s1|s2|s3|s4|ra	gp
0x8002A170	284	func_8002A170	medium	1	u32	0	1	40	s0|s1|s2|s3|s4|ra	gp|orphan
0x8002A63C	60	func_8002A63C	high	0	u32	1	0	0		leaf
0x8002A678	84	func_8002A678	high	3	u32	2	0	0		leaf|break
0x8002A6CC	100	func_8002A6CC	verified	2	u32	1	1	24	s0|ra	gp
0x8002A730	680	func_8002A730	verified	4	u32	1	3	56	s0|s1|s2|s3|s4|s5|s6|s7|fp|ra	gp
0x8002A9D8	24	func_8002A9D8	high	4	void	2	0	0		leaf
0x8002A9F0	84	func_8002A9F0	high	4	u32	1	0	0		leaf|gp
0x8002AA44	212	func_8002AA44	verified	3	u32	1	1	40	s0|s1|s2|s3|ra	gp
0x8002AB18	244	func_8002AB18	verified	1	u32	1	2	40	s0|s1|s2|s3|ra	
0x8002AC0C	136	func_8002AC0C	verified	1	u32	3	1	32	s0|s1|s2|ra	
0x8002AC94	36	func_8002AC94	high	0	u32	1	0	0		leaf|gp
0x8002ACB8	76	func_8002ACB8	high	4	u32	1	1	0	ra	gp
0x8002AD04	108	func_8002AD04	verified	4	u32	2	1	24	ra	gp
0x8002AD70	244	func_8002AD70	verified	4	u32	1	1	24	ra	gp
0x8002AE64	264	func_8002AE64	verified	0	u32	1	2	32	s0|s1|s2|ra	gp
0x8002AF6C	196	func_8002AF6C	verified	0	u32	2	1	40	s0|s1|s2|s3|ra	
0x8002B030	176	func_8002B030	verified	0	u32	1	1	32	s0|s1|s2|ra	gp
0x8002B0E0	80	func_8002B0E0	high	1	u32	2	0	0		leaf|gp
0x8002B130	192	func_8002B130	verified	2	u32	3	5	24	ra	gp
0x8002B1F0	12	func_8002B1F0	low	0	u32	1	0	0		leaf|gp|orphan
0x8002B1FC	12	func_8002B1FC	high	1	void	1	0	0		leaf|gp
0x8002B208	712	func_8002B208	low	2	u32	0	6	0	s0|s1|s2|ra	gp|orphan
0x8002B4D0	56	func_8002B4D0	high	0	u32	22	1	0	ra	gp
0x8002B508	56	func_8002B508	high	0	u32	22	1	0	ra	gp
0x8002B540	116	func_8002B540	high	3	u32	9	0	0		leaf|gp
0x8002B5B4	84	func_8002B5B4	high	1	u32	1	0	0		leaf
0x8002B608	456	func_8002B608	verified	4	u32	1	2	48	s0|s1|s2|s3|s4|s5|s6|ra	
0x8002B7D0	200	func_8002B7D0	verified	2	u32	1	2	32	s0|s1|s2|ra	
0x8002B898	288	func_8002B898	high	4	u32	2	0	0		leaf
0x8002B9B8	216	func_8002B9B8	verified	3	u32	3	2	24	s0|ra	
0x8002BA90	284	func_8002BA90	verified	3	u32	1	2	48	s0|s1|s2|s3|s4|s5|ra	
0x8002BBAC	752	func_8002BBAC	low	0	u32	1	4	0	s0|s1|s2|s3|s4|s5|s6|s7|fp|ra	gp|orphan|indirect
0x8002BE9C	752	func_8002BE9C	medium	0	u32	1	6	80	s0|s1|s2|s3|s4|s5|s6|s7|ra	orphan
0x8002C18C	68	func_8002C18C	verified	0	u32	1	3	24	ra	gp
0x8002C1D0	56	func_8002C1D0	verified	0	void	1	3	24	ra	gp
0x8002C208	324	func_8002C208	low	0	u32	0	5	0	s0|s1|s2|ra	gp|orphan
0x8002C34C	216	func_8002C34C	high	4	u32	2	1	0	s0|s1|s2|ra	gp
0x8002C424	236	func_8002C424	verified	4	u32	2	1	32	s0|s1|s2|ra	gp
0x8002C510	316	func_8002C510	verified	0	u32	1	6	40	s0|s1|s2|s3|ra	gp
0x8002C64C	312	func_8002C64C	verified	1	u32	1	3	48	s0|ra	gp
0x8002C784	292	func_8002C784	high	0	u32	1	6	0	s0|s1|s2|s3|ra	gp
0x8002C8A8	112	func_8002C8A8	verified	3	void	5	4	32	s0|s1|s2|ra	gp
0x8002C918	400	func_8002C918	verified	0	u32	1	6	72	s0|s1|s2|s3|s4|s5|ra	gp
0x8002CAA8	56	func_8002CAA8	high	0	u32	3	0	0		leaf
0x8002CAE0	100	func_8002CAE0	verified	0	void	1	3	24	s0|ra	gp
0x8002CB44	112	func_8002CB44	verified	0	u32	2	2	32	s0|s1|s2|ra	
0x8002CBB4	52	func_8002CBB4	verified	1	void	1	1	24	s0|ra	gp
0x8002CBE8	832	func_8002CBE8	verified	3	u32	12	3	40	s0|s1|s2|s3|s4|ra	gp
0x8002CF28	464	func_8002CF28	verified	1	u32	1	3	32	s0|s1|ra	break|gp
0x8002D0F8	432	func_8002D0F8	high	0	u32	1	6	0	s0|ra	gp
0x8002D2A8	8	func_8002D2A8	high	0	void	1	0	0		leaf
0x8002D2B0	68	func_8002D2B0	verified	0	void	1	1	24	ra	gp
0x8002D2F4	472	func_8002D2F4	verified	1	u32	1	10	24	ra	gp
0x8002D4CC	64	func_8002D4CC	verified	1	void	3	2	24	s0|ra	gp
0x8002D50C	72	func_8002D50C	verified	1	u32	1	1	24	ra	gp
0x8002D554	296	func_8002D554	verified	1	u32	1	1	24	ra	
0x8002D67C	1488	func_8002D67C	high	0	u32	1	9	0	s0|s1|ra	gp
0x8002DC4C	96	func_8002DC4C	high	0	u32	1	0	0		leaf|gp
0x8002DCAC	120	func_8002DCAC	high	3	u32	1	1	0	ra	
0x8002DD24	80	func_8002DD24	verified	0	void	1	4	32	ra	gp
0x8002DD74	212	func_8002DD74	verified	0	u32	1	4	32	ra	gp
0x8002DE48	1264	func_8002DE48	verified	0	u32	1	4	32	ra	gp
0x8002E338	24	func_8002E338	high	0	u32	1	0	0		leaf|gp
0x8002E350	200	func_8002E350	high	4	u32	2	3	0	s0|s1|s2|s3|s4|ra	gp
0x8002E418	84	func_8002E418	high	0	u32	1	1	0	ra	gp
0x8002E46C	84	func_8002E46C	high	0	u32	2	1	0	ra	gp
0x8002E4C0	44	func_8002E4C0	high	0	u32	2	1	0	ra	gp
0x8002E4EC	56	func_8002E4EC	high	0	u32	4	1	0	ra	gp
0x8002E524	24	func_8002E524	high	1	u32	1	0	0		leaf|gp
0x8002E53C	20	func_8002E53C	low	0	u32	1	0	0		leaf|gp|orphan
0x8002E550	12	func_8002E550	low	0	u32	1	0	0		leaf|gp|orphan
0x8002E55C	112	func_8002E55C	verified	2	u32	1	1	32	s0|ra	gte
0x8002E5CC	140	func_8002E5CC	verified	3	u32	1	1	32	s0|ra	gte
0x8002E658	56	func_8002E658	high	1	u32	1	0	0		leaf|gte
0x8002E690	148	func_8002E690	verified	3	u32	2	3	32	s0|s1|s2|ra	
0x8002E724	60	func_8002E724	verified	1	void	1	1	24	s0|ra	
0x8002E760	92	func_8002E760	verified	2	u32	2	1	24	ra	
0x8002E7BC	144	func_8002E7BC	high	2	u32	1	0	0		leaf|gte
0x8002E84C	328	func_8002E84C	verified	3	u32	1	4	40	s0|s1|s2|ra	
0x8002E9C0	132	func_8002E9C0	verified	3	void	1	3	24	s0|ra	
0x8002EA44	116	func_8002EA44	verified	4	u32	1	1	24	ra	
0x8002EAB8	300	func_8002EAB8	verified	4	u32	1	1	32	s0|s1|s2|ra	break
0x8002EBE4	1272	func_8002EBE4	high	0	u32	1	6	0	s0|s1|s2|s3|s4|s5|s6|s7|fp|ra	gp
0x8002F0DC	576	func_8002F0DC	verified	2	u32	1	6	128	s0|s1|s2|s3|s4|s5|s6|s7|ra	
0x8002F5F4	1588	func_8002F5F4	verified	1	u32	1	2	48	s0|s1|s2|s3|ra	
0x8002FC28	60	func_8002FC28	high	3	u32	2	0	0		leaf
0x8002FC64	708	func_8002FC64	verified	4	u32	1	3	56	s0|s1|s2|s3|s4|s5|ra	
0x8002FF28	736	func_8002FF28	high	0	u32	1	5	0	s0|s1|s2|s3|s4|s5|ra	
0x800304B8	476	func_800304B8	verified	0	u32	1	2	40	s0|s1|s2|s3|s4|ra	
0x8003074C	44	func_8003074C	low	0	u32	0	0	0		leaf|orphan
0x80030778	244	func_80030778	high	4	u32	3	0	0		leaf
0x8003086C	120	func_8003086C	verified	3	u32	7	2	48	s0|s1|s2|s3|ra	
0x800308E4	192	func_800308E4	verified	3	u32	1	2	48	s0|s1|s2|s3|ra	
0x800309A4	172	func_800309A4	verified	4	u32	3	2	32	s0|s1|s2|ra	
0x80030AA8	44	func_80030AA8	high	1	void	2	1	0	ra	
0x80030AD4	1024	func_80030AD4	verified	2	u32	2	3	56	s0|s1|s2|s3|s4|s5|s6|s7|ra	indirect
0x80030ED4	132	func_80030ED4	verified	2	u32	1	1	32	s0|s1|s2|ra	indirect
0x80030FDC	128	func_80030FDC	verified	1	u32	2	2	32	s0|s1|s2|ra	
0x8003105C	120	func_8003105C	verified	4	void	1	3	40	s0|s1|s2|s3|ra	
0x800310D4	88	func_800310D4	verified	1	u32	2	2	32	s0|s1|ra	
0x8003112C	64	func_8003112C	verified	2	void	1	2	32	s0|s1|ra	
0x8003116C	252	func_8003116C	high	1	u32	2	0	0		leaf
0x80031268	352	func_80031268	verified	2	u32	2	2	32	s0|s1|s2|ra	
0x8003147C	68	func_8003147C	high	3	u32	3	0	0		leaf
0x800314C0	32	func_800314C0	high	1	u32	2	0	0		leaf
0x80031608	300	func_80031608	medium	4	u32	0	4	104	s0|s1|s2|s3|ra	orphan
0x80031734	16	func_80031734	high	1	void	4	0	0		leaf
0x80031744	68	func_80031744	high	2	u32	13	0	0		leaf
0x80031788	68	func_80031788	high	2	u32	10	0	0		leaf
0x800317CC	12	func_800317CC	high	1	u32	2	0	0		leaf
0x800317D8	12	func_800317D8	high	1	u32	2	0	0		leaf
0x800317E4	136	func_800317E4	high	2	u32	14	0	0		leaf
0x8003186C	128	func_8003186C	high	1	u32	3	0	0		leaf
0x8003197C	108	func_8003197C	verified	4	void	2	1	40	s0|s1|s2|s3|s4|ra	
0x80031AA4	92	func_80031AA4	verified	1	u32	1	3	24	ra	gp|addr_taken
0x80031B50	140	func_80031B50	verified	0	u32	2	1	24	ra	
0x80031BDC	64	func_80031BDC	high	1	u32	1	0	0		leaf
0x80031C1C	60	func_80031C1C	high	1	u32	2	0	0		leaf
0x80031C58	32	func_80031C58	verified	0	void	1	1	24	ra	
0x80031C78	184	func_80031C78	verified	1	u32	1	8	64	s0|s1|ra	gp
0x80031D30	208	func_80031D30	verified	1	u32	1	2	32	s0|s1|ra	gp|addr_taken|indirect
0x80031E00	228	func_80031E00	verified	4	u32	1	2	64	s0|s1|ra	
0x80031EE4	248	func_80031EE4	verified	1	u32	1	1	40	s0|s1|ra	gp|addr_taken
0x80031FDC	308	func_80031FDC	verified	4	u32	3	5	72	s0|s1|s2|s3|s4|ra	gp
0x800321B4	400	func_800321B4	verified	4	u32	4	8	72	s0|s1|s2|s3|s4|s5|s6|s7|ra	gp
0x80032344	244	func_80032344	verified	3	u32	1	8	72	s0|s1|s2|s3|ra	
0x80032438	96	func_80032438	verified	2	u32	1	3	32	s0|s1|ra	
0x80032498	180	func_80032498	verified	4	u32	1	6	56	s0|s1|s2|s3|ra	
0x80032594	216	func_80032594	verified	4	u32	3	6	56	s0|s1|s2|s3|ra	gp
0x8003266C	72	func_8003266C	verified	0	u32	2	1	24	ra	gp
0x800326B4	76	func_800326B4	high	3	u32	2	0	0		leaf
0x80032700	220	func_80032700	verified	4	u32	1	1	32	ra	
0x800327DC	80	func_800327DC	high	1	u32	1	0	0		leaf
0x8003282C	804	func_8003282C	verified	3	u32	1	3	56	s0|s1|s2|s3|s4|s5|ra	gp
0x80032B50	212	func_80032B50	high	2	u32	1	2	0	s0|s1|ra	gp
0x80032C24	268	func_80032C24	high	3	u32	2	0	0		leaf
0x80032D30	92	func_80032D30	high	4	u32	8	0	0		leaf|gp
0x80032DC0	572	func_80032DC0	high	0	u32	2	4	0	s0|ra	gp|indirect
0x80032FFC	268	func_80032FFC	verified	3	u32	1	4	40	s0|s1|s2|ra	gp
0x80033108	528	func_80033108	high	0	u32	1	13	0	ra	
0x80033318	348	func_80033318	verified	1	u32	1	2	96	s0|s1|ra	
0x80033474	128	func_80033474	verified	1	u32	1	1	32	s0|ra	gp
0x800334F4	124	func_800334F4	high	1	u32	1	1	0	s0|ra	gp
0x80033570	108	func_80033570	high	1	u32	2	1	0	ra	gp
0x800335DC	52	func_800335DC	high	0	u32	1	0	0		leaf
0x80033610	4544	func_80033610	high	3	u32	1	50	0	s0|s1|s2|s3|s4|s5|ra	gp
0x80034874	116	func_80034874	high	1	u32	1	2	0	ra	gp
0x800348E8	32	func_800348E8	high	0	u32	8	0	0		leaf
0x80034908	24	func_80034908	high	0	u32	1	0	0		leaf
0x80034920	32	func_80034920	high	0	u32	3	0	0		leaf
0x80034940	32	func_80034940	high	0	u32	1	0	0		leaf
0x80034960	100	func_80034960	high	2	u32	1	0	0		leaf
0x800349C4	100	func_800349C4	verified	2	u32	1	1	32	s0|s1|ra	
0x80034A28	88	func_80034A28	verified	2	u32	1	1	32	s0|s1|ra	
0x80034B48	116	func_80034B48	verified	1	u32	2	4	24	ra	gp
0x80034BBC	408	func_80034BBC	verified	1	u32	1	4	24	s0|ra	gp
0x80034D54	2352	func_80034D54	verified	2	u32	1	29	64	s0|s1|s2|s3|s4|s5|s6|s7|fp|ra	gp|indirect
0x80035684	308	func_80035684	verified	2	u32	1	2	40	s0|s1|s2|s3|ra	
0x800357B8	1400	func_800357B8	verified	2	u32	1	3	56	s0|s1|s2|s3|s4|s5|s6|s7|fp|ra	
0x80035D70	176	func_80035D70	high	1	u32	2	0	0		leaf|gp
0x80035E70	7044	func_80035E70	verified	1	u32	1	91	104	s0|s1|s2|s3|s4|s5|s6|s7|fp|ra	break|gp
0x800379F4	460	func_800379F4	medium	4	u32	1	1	88	s0|s1|s2|s3|s4|s5|s6|s7|fp|ra	orphan
0x80037BC0	480	func_80037BC0	medium	3	u32	1	2	72	s0|s1|s2|s3|s4|ra	gp|orphan
0x80037DA0	3516	func_80037DA0	medium	0	u32	0	9	112	s0|s1|s2|s3|s4|s5|s6|s7|ra	gp|orphan
0x800399FC	72	func_800399FC	high	0	u32	1	2	0	ra	gp
0x80039DCC	204	func_80039DCC	high	0	u32	1	1	0	s0|ra	gp
0x80039E98	272	func_80039E98	verified	0	u32	1	6	24	ra	gp
0x80039FA8	780	func_80039FA8	verified	1	u32	2	1	24	ra	gp
0x8003A2B4	328	func_8003A2B4	medium	0	u32	0	2	32	s0|s1|ra	gp|orphan
0x8003A3FC	2796	func_8003A3FC	high	0	u32	3	9	0	s0|s1|s2|s3|s4|s5|s6|s7|fp|ra	gp
0x8003AEE8	156	func_8003AEE8	verified	2	u32	1	3	24	s0|ra	gp
0x8003AF84	132	func_8003AF84	high	1	u32	2	0	0		leaf
0x8003B008	232	func_8003B008	high	1	u32	1	0	0		leaf|break
0x8003B0F0	484	func_8003B0F0	verified	1	u32	1	1	32	s0|s1|ra	gp
0x8003B2D4	96	func_8003B2D4	verified	1	void	1	1	24	s0|ra	
0x8003B334	264	func_8003B334	verified	1	u32	1	2	24	s0|ra	
0x8003B43C	660	func_8003B43C	verified	1	u32	1	4	40	s0|s1|s2|s3|ra	gp
0x8003B6D0	612	func_8003B6D0	verified	1	u32	1	9	32	s0|s1|s2|ra	gp
0x8003B934	2208	func_8003B934	verified	1	u32	1	21	56	s0|s1|s2|s3|s4|s5|s6|ra	break|gp
0x8003C1D4	116	func_8003C1D4	verified	1	u32	1	2	32	s0|s1|s2|ra	
0x8003C248	200	func_8003C248	verified	0	u32	1	3	152	s0|s1|s2|ra	
0x8003C310	268	func_8003C310	verified	0	u32	2	3	88	s0|s1|s2|s3|s4|ra	
0x8003C41C	100	func_8003C41C	verified	0	void	1	9	24	ra	gp
0x8003C518	116	func_8003C518	high	0	u32	1	2	0	ra	gp
0x8003C58C	2544	func_8003C58C	verified	0	u32	1	75	64	s0|s1|s2|s3|s4|s5|ra	gp
0x8003CF7C	68	func_8003CF7C	verified	1	void	1	3	24	s0|ra	gp
0x8003CFC0	100	func_8003CFC0	high	1	u32	2	3	0	s0|ra	gp
0x8003D068	284	func_8003D068	high	0	u32	1	0	0		leaf|gp
0x8003D184	60	func_8003D184	high	1	u32	13	0	0		leaf
0x8003D1C0	84	func_8003D1C0	high	1	u32	8	0	0		leaf
0x8003D214	80	func_8003D214	high	2	u32	2	0	0		leaf
0x8003D264	196	func_8003D264	high	2	u32	2	0	0		leaf|gte
0x8003D328	80	func_8003D328	verified	1	void	1	1	24	ra	gte
0x8003D378	232	func_8003D378	verified	1	u32	5	1	24	s0|ra	break
0x8003D460	132	func_8003D460	verified	3	u32	1	2	32	s0|s1|s2|ra	
0x8003D4E4	92	func_8003D4E4	low	1	u32	0	0	0		leaf|orphan
0x8003D540	68	func_8003D540	high	2	u32	2	0	0		leaf
0x8003D584	148	func_8003D584	verified	2	u32	1	1	32	s0|s1|s2|ra	gp
0x8003D618	208	func_8003D618	verified	2	u32	1	1	40	s0|s1|s2|s3|ra	gp
0x8003D6E8	72	func_8003D6E8	high	2	u32	2	0	0		leaf
0x8003D730	168	func_8003D730	verified	3	u32	5	1	32	s0|s1|ra	
0x8003D7D8	388	func_8003D7D8	verified	0	u32	1	7	24	ra	gp
0x8003D95C	144	func_8003D95C	verified	0	void	1	4	24	ra	gp
0x8003D9EC	124	func_8003D9EC	high	0	u32	2	1	0	s0|ra	gp
0x8003DA68	124	func_8003DA68	high	0	u32	1	1	0	s0|ra	gp
0x8003DAE4	112	func_8003DAE4	verified	0	u32	1	1	24	s0|ra	gp
0x8003DB54	68	func_8003DB54	verified	0	u32	3	2	24	s0|ra	
0x8003DB98	96	func_8003DB98	verified	4	u32	2	1	32	s0|s1|ra	gp
0x8003DBF8	56	func_8003DBF8	high	0	void	5	1	0	s0|ra	gp
0x8003DC30	108	func_8003DC30	verified	2	u32	2	3	32	s0|s1|ra	gp
0x8003DC9C	116	func_8003DC9C	verified	3	u32	2	3	32	s0|s1|s2|ra	gp
0x8003DD10	156	func_8003DD10	verified	1	u32	2	3	72	s0|s1|s2|ra	gp
0x8003DDAC	1164	func_8003DDAC	high	0	u32	1	10	0	s0|ra	gp
0x8003E238	100	func_8003E238	high	1	u32	1	2	0	s0|s1|ra	gp
0x8003E29C	168	func_8003E29C	high	0	u32	1	4	0	ra	gp
0x8003E344	472	func_8003E344	verified	4	u32	1	6	40	s0|s1|s2|s3|ra	gp
0x8003E51C	128	func_8003E51C	high	1	u32	1	4	0	s0|ra	gp
0x8003E59C	100	func_8003E59C	verified	2	u32	1	3	88	s0|ra	gp
0x8003E600	120	func_8003E600	verified	2	u32	1	3	64	s0|ra	gp
0x8003E678	92	func_8003E678	verified	0	u32	1	2	64	s0|ra	gp
0x8003E6D4	108	func_8003E6D4	verified	2	u32	1	3	88	s0|ra	gp
0x8003E740	204	func_8003E740	high	1	u32	1	0	0		leaf|gp
0x8003E80C	36	func_8003E80C	high	1	u32	4	0	0		leaf|gp
0x8003E830	44	func_8003E830	high	2	u32	1	0	0		leaf|gp
0x8003E85C	24	func_8003E85C	high	0	u32	1	0	0		leaf|gp
0x8003E874	116	func_8003E874	high	1	u32	14	1	0	ra	break|gp
0x8003E8E8	80	func_8003E8E8	high	1	u32	1	0	0		leaf|break|gp
0x8003E938	20	func_8003E938	high	0	u32	2	0	0		leaf|gp
0x8003E94C	44	func_8003E94C	high	1	u32	6	0	0		leaf|gp
0x8003E978	64	func_8003E978	high	0	u32	6	0	0		leaf|gp
0x8003E9B8	24	func_8003E9B8	high	0	u32	1	0	0		leaf|gp
0x8003E9D0	56	func_8003E9D0	high	0	u32	6	0	0		leaf|gp
0x8003EA08	32	func_8003EA08	high	1	u32	1	0	0		leaf|gp
0x8003EA28	68	func_8003EA28	high	0	u32	5	0	0		leaf|gp
0x8003EA6C	64	func_8003EA6C	verified	1	u32	1	1	24	s0|ra	
0x8003EAAC	52	func_8003EAAC	high	1	u32	1	0	0		leaf
0x8003EEB0	76	func_8003EEB0	verified	1	void	1	1	24	s0|ra	
0x8003EEFC	1336	func_8003EEFC	verified	2	u32	1	5	56	s0|s1|s2|s3|s4|s5|s6|s7|fp|ra	indirect
0x8003F434	88	func_8003F434	high	0	u32	1	1	0	ra	
0x8003F48C	56	func_8003F48C	high	1	u32	1	0	0		leaf
0x8003F4C4	204	func_8003F4C4	verified	3	u32	2	1	40	s0|s1|s2|s3|s4|ra	
0x8003F590	3448	func_8003F590	verified	2	u32	1	2	64	s0|s1|s2|s3|s4|s5|s6|s7|fp|ra	gte
0x80040308	1352	func_80040308	high	3	u32	11	3	0	s0|s1|s2|s3|s4|s5|s6|s7|fp|ra	
0x80040850	104	func_80040850	high	0	u32	1	0	0		leaf|gp
0x800408B8	3132	func_800408B8	high	0	u32	1	4	0	s0|s1|s2|s3|s4|s5|ra	gp
0x800414F4	1936	func_800414F4	verified	0	u32	1	8	56	s0|s1|s2|s3|s4|s5|s6|s7|fp|ra	
0x80041C84	316	func_80041C84	high	1	u32	2	0	0		leaf
0x80041DFC	36	func_80041DFC	verified	1	void	2	1	24	ra	addr_taken
0x80041E20	124	func_80041E20	verified	2	u32	2	1	24	ra	
0x80041E9C	104	func_80041E9C	verified	1	u32	2	2	24	s0|ra	indirect
0x80041F04	84	func_80041F04	verified	1	void	2	2	24	s0|ra	
0x80041F58	156	func_80041F58	verified	2	u32	2	3	32	s0|s1|s2|ra	
0x80041FF4	104	func_80041FF4	verified	0	u32	2	1	32	s0|s1|s2|ra	
0x8004205C	560	func_8004205C	verified	4	u32	8	2	56	s0|s1|s2|s3|s4|s5|s6|s7|ra	
0x8004228C	188	func_8004228C	high	2	u32	1	0	0		leaf
0x80042348	76	func_80042348	verified	2	void	1	1	32	s0|s1|ra	
0x80042394	104	func_80042394	verified	2	u32	2	1	32	s0|s1|ra	
0x800425D4	292	func_800425D4	medium	3	u32	1	1	40	s0|s1|s2|s3|ra	orphan|indirect
0x800426F8	536	func_800426F8	high	3	u32	1	0	0		leaf
0x80042910	100	func_80042910	verified	1	u32	2	2	24	s0|ra	
0x80042974	280	func_80042974	verified	4	u32	2	2	128	s0|s1|ra	
0x80042A8C	376	func_80042A8C	verified	4	u32	1	2	128	s0|s1|ra	
0x80042C04	588	func_80042C04	verified	1	u32	2	1	40	s0|s1|s2|s3|ra	gte
0x80042E50	672	func_80042E50	verified	4	u32	1	1	48	s0|s1|s2|s3|s4|s5|s6|ra	gte|break
0x800430F0	2104	func_800430F0	verified	1	u32	1	2	80	s0|s1|s2|s3|s4|s5|s6|s7|fp|ra	gte|break
0x80043928	400	func_80043928	verified	1	u32	1	1	24	s0|ra	
0x80043AB8	120	func_80043AB8	high	0	u32	1	1	0	s0|s1|ra	
0x80043C04	12	func_80043C04	low	0	u32	0	0	0		leaf|orphan
0x80043C10	276	func_80043C10	high	4	u32	1	2	0	s0|s1|s2|ra	gp
0x80043D24	272	func_80043D24	medium	2	u32	0	2	32	s0|s1|s2|ra	orphan
0x80043F1C	12	func_80043F1C	high	0	u32	6	0	0		leaf|gp
0x80043F28	28	func_80043F28	high	0	u32	5	0	0		leaf|gp
0x80043F44	72	func_80043F44	high	0	u32	1	0	0		leaf|gp
0x80043F8C	36	func_80043F8C	high	1	u32	1	0	0		leaf|gp
0x80043FB0	124	func_80043FB0	verified	1	u32	5	1	24	s0|ra	gp
0x8004402C	44	func_8004402C	high	0	u32	1	0	0		leaf|gp
0x80044058	48	func_80044058	high	0	u32	1	0	0		leaf|gp
0x80044088	12	func_80044088	high	1	void	2	0	0		leaf|gp
0x80044094	12	func_80044094	high	0	u32	1	0	0		leaf|gp
0x800440A0	496	NdIntroDrawDispatch	high	0	u32	1	0	0		leaf|gp
0x80044290	16	func_80044290	high	0	u32	1	0	0		leaf|gp
0x800442A0	584	func_800442A0	high	0	u32	1	4	0	s0|s1|s2|s3|s4|s5|s6|s7|ra	gp
0x800444E8	2576	func_800444E8	high	0	u32	1	2	0	s0|s1|s2|s3|s4|s5|s6|s7|fp|ra	gte|gp
0x80044EF8	152	func_80044EF8	medium	1	u32	2	1	56	ra	orphan
0x80044F90	104	func_80044F90	verified	4	u32	3	2	32	ra	
0x80044FF8	316	func_80044FF8	high	1	u32	3	1	0	s0|ra	
0x80045134	288	func_80045134	low	4	u32	1	0	0		leaf|orphan
0x80045254	404	func_80045254	medium	4	u32	1	1	72	s0|s1|s2|s3|s4|s5|ra	orphan
0x800453E8	332	func_800453E8	medium	4	u32	2	1	24	ra	orphan
0x80045534	284	func_80045534	verified	4	u32	2	1	56	s0|s1|s2|s3|s4|s5|ra	
0x80045650	60	func_80045650	verified	4	u32	1	1	32	ra	
0x8004568C	292	func_8004568C	verified	4	u32	1	3	64	s0|s1|s2|s3|s4|s5|ra	
0x800457B0	572	func_800457B0	verified	3	u32	8	3	56	s0|s1|s2|s3|s4|ra	
0x800459EC	304	func_800459EC	verified	2	u32	1	2	40	s0|s1|ra	
0x80045B1C	308	func_80045B1C	verified	3	u32	2	1	24	ra	
0x80045C50	352	func_80045C50	verified	3	u32	2	2	48	s0|s1|s2|s3|s4|s5|ra	
0x80045DB0	1620	func_80045DB0	verified	4	u32	2	5	136	s0|s1|s2|s3|s4|s5|s6|s7|fp|ra	indirect
0x80046404	84	func_80046404	high	0	u32	7	0	0		leaf|gp
0x80046458	220	func_80046458	high	0	u32	1	0	0		leaf|gp
0x80046534	728	func_80046534	verified	1	u32	2	4	40	s0|s1|s2|s3|s4|ra	gp|indirect
0x8004680C	388	func_8004680C	high	0	u32	1	5	0	ra	gp|indirect
0x80046990	56	func_80046990	verified	1	u32	2	1	24	s0|ra	gp
0x800469C8	20	func_800469C8	high	1	u32	1	0	0		leaf
0x80046A74	28	func_80046A74	high	0	u32	1	0	0		leaf
0x80046A90	140	func_80046A90	high	1	u32	1	0	0		leaf
0x80046B1C	68	func_80046B1C	high	4	u32	1	0	0		leaf
0x80046B60	96	func_80046B60	low	1	u32	1	0	0		leaf|orphan
0x80046BC0	112	func_80046BC0	high	1	u32	1	0	0		leaf
0x80046C30	1028	func_80046C30	medium	4	u32	0	6	328	s0|s1|s2|s3|s4|s5|s6|s7|fp|ra	orphan
0x80047034	356	func_80047034	verified	4	u32	1	1	48	s0|s1|s2|s3|s4|s5|s6|ra	
0x80047198	20	func_80047198	low	1	void	0	0	0		leaf|gp|orphan
0x800471AC	24	func_800471AC	low	0	u32	0	0	0		leaf|gp|orphan
0x800471C4	36	func_800471C4	verified	1	void	1	1	24	ra	gp
0x800471E8	60	func_800471E8	high	0	u32	1	1	0	ra	gp
0x80047224	12	func_80047224	high	0	u32	1	0	0		leaf
0x80047230	160	func_80047230	verified	0	u32	1	2	24	s0|ra	gp
0x800472D0	1928	func_800472D0	high	0	u32	1	8	0	s0|s1|s2|s3|ra	gp
0x80047A58	780	func_80047A58	verified	0	u32	1	10	40	s0|s1|ra	
0x80047D64	68	func_80047D64	high	0	u32	1	2	0	ra	
0x80047F20	152	func_80047F20	medium	4	u32	1	2	104	s0|s1|s2|ra	orphan
0x80047FB8	32	func_80047FB8	low	2	u32	1	0	0		leaf|orphan
0x80047FD8	32	func_80047FD8	low	2	u32	1	0	0		leaf|orphan
0x80047FF8	1456	func_80047FF8	medium	4	u32	0	8	136	s0|s1|s2|s3|s4|s5|s6|s7|fp|ra	gp|orphan
0x800485CC	788	func_800485CC	high	1	u32	2	3	0	s0|s1|s2|s3|s4|s5|s6|s7|fp|ra	gp
0x800488E0	128	func_800488E0	low	0	u32	1	1	0	s0|s1|ra	gp|orphan
0x80048A30	880	func_80048A30	medium	4	u32	0	5	104	s0|s1|s2|s3|s4|s5|s6|s7|fp|ra	orphan
0x80048DA0	68	func_80048DA0	low	0	u32	0	0	0		leaf|orphan
0x80048DE4	72	func_80048DE4	high	0	u32	1	0	0		leaf
0x80048E2C	176	func_80048E2C	verified	1	u32	1	2	24	s0|ra	gp
0x80048EDC	48	func_80048EDC	low	0	u32	0	2	0	ra	orphan
0x80048F0C	440	func_80048F0C	medium	3	u32	0	2	40	s0|s1|s2|s3|ra	gp|orphan
0x8004AA08	88	func_8004AA08	verified	1	u32	1	1	24	ra	gp
0x8004AA60	1764	func_8004AA60	verified	1	u32	1	8	112	s0|s1|s2|s3|s4|s5|s6|s7|fp|ra	gp
0x8004B31C	84	func_8004B31C	verified	0	void	1	5	24	ra	
0x8004B370	52	func_8004B370	verified	0	void	1	3	24	ra	
0x8004B3A4	120	func_8004B3A4	verified	0	u32	2	1	24	s0|ra	gp
0x8004B41C	84	func_8004B41C	verified	2	u32	2	1	32	s0|s1|ra	
0x8004B470	1188	func_8004B470	high	4	u32	1	9	0		gte|gp
0x8004B914	56	func_8004B914	high	2	void	1	0	0		leaf
0x8004B94C	128	func_8004B94C	high	4	u32	1	0	0		leaf|gte
0x8004B9CC	128	func_8004B9CC	high	0	u32	1	0	0		leaf
0x8004BA4C	412	func_8004BA4C	high	2	u32	1	0	0		leaf
0x8004BBE8	412	func_8004BBE8	high	2	u32	1	0	0		leaf
0x8004BD84	412	func_8004BD84	high	2	u32	1	0	0		leaf
0x8004BF20	532	func_8004BF20	high	2	u32	1	0	0		leaf
0x8004C134	532	func_8004C134	high	2	u32	1	0	0		leaf
0x8004C348	532	func_8004C348	high	2	u32	1	0	0		leaf
0x8004C55C	444	func_8004C55C	high	3	u32	2	0	0		leaf
0x8004CAA8	32	func_8004CAA8	high	2	u32	2	0	0		leaf
0x8004CAC8	32	func_8004CAC8	high	2	u32	2	0	0		leaf
0x8004CAE8	988	func_8004CAE8	verified	4	u32	1	6	64	s0|s1|s2|s3|s4|s5|s6|s7|fp|ra	
0x8004CEC4	1872	func_8004CEC4	verified	0	u32	1	2	48	s0|s1|s2|s3|ra	gp
0x8004D614	672	func_8004D614	verified	4	u32	1	1	56	s0|s1|s2|s3|s4|s5|s6|s7|fp|ra	
0x8004D8B4	760	func_8004D8B4	high	3	u32	2	0	0		leaf|break
0x8004DBAC	152	func_8004DBAC	verified	2	u32	1	2	48	s0|s1|ra	
0x8004DC44	280	func_8004DC44	verified	4	u32	3	2	72	s0|s1|s2|ra	
0x8004DD5C	396	func_8004DD5C	verified	3	u32	1	2	48	s0|s1|s2|s3|s4|ra	
0x8004DEE8	276	func_8004DEE8	verified	2	u32	1	1	40	s0|s1|s2|ra	
0x8004DFFC	228	func_8004DFFC	verified	2	u32	1	1	48	s0|s1|s2|s3|ra	
0x8004E0E0	668	func_8004E0E0	high	0	u32	1	1	0	ra	gp
0x8004E37C	740	func_8004E37C	verified	4	u32	1	1	104	s0|s1|s2|s3|s4|s5|s6|s7|fp|ra	gp
0x8004E660	632	func_8004E660	verified	4	u32	1	1	80	s0|s1|s2|s3|s4|s5|s6|s7|fp|ra	gp
0x8004E8D8	464	func_8004E8D8	verified	4	u32	2	1	24	s0|ra	
0x8004EAA8	368	func_8004EAA8	verified	4	u32	1	1	40	s0|s1|s2|s3|s4|ra	
0x8004EC18	188	func_8004EC18	high	4	u32	3	0	0		leaf|break
0x8004ECD4	216	func_8004ECD4	high	4	u32	3	0	0		leaf|break
0x8004EDAC	2792	func_8004EDAC	verified	4	u32	1	3	104	s0|s1|s2|s3|s4|s5|s6|s7|fp|ra	gp
0x8004F894	324	func_8004F894	high	3	u32	2	3	0	s0|s1|s2|s3|s4|ra	
0x8004F9D8	860	func_8004F9D8	verified	1	u32	1	0	24	s0	leaf|gte
0x8004FD34	1832	func_8004FD34	verified	1	u32	1	4	88	s0|s1|s2|s3|s4|s5|s6|ra	gte|break
0x8005045C	204	func_8005045C	verified	4	u32	1	1	32	s0|ra	
0x80050528	300	func_80050528	verified	4	u32	1	2	72	s0|s1|s2|s3|ra	
0x80050654	396	func_80050654	verified	3	u32	1	3	80	s0|s1|s2|ra	
0x800507E0	792	func_800507E0	verified	4	u32	2	4	64	s0|s1|s2|s3|s4|ra	
0x80050AF8	296	func_80050AF8	verified	4	u32	1	1	72	s0|s1|s2|s3|ra	gp
0x80050C20	588	func_80050C20	high	3	u32	1	3	0	s0|s1|s2|s3|s4|ra	
0x80050E6C	172	func_80050E6C	verified	3	u32	1	2	56	s0|s1|s2|ra	
0x80050F18	172	func_80050F18	verified	2	u32	1	2	56	s0|s1|ra	
0x80050FC4	172	func_80050FC4	verified	2	u32	1	2	56	s0|s1|ra	
0x80051070	172	func_80051070	verified	2	u32	1	2	56	s0|s1|ra	
0x8005111C	164	func_8005111C	verified	3	u32	1	2	56	s0|s1|s2|ra	
0x800511C0	1260	func_800511C0	verified	3	u32	2	3	56	s0|s1|s2|s3|s4|s5|s6|ra	
0x800516AC	1464	func_800516AC	verified	0	u32	2	1	72	s0|s1|s2|s3|s4|s5|s6|ra	
0x80051C64	448	func_80051C64	verified	1	u32	2	2	24	s0|ra	
0x80051E24	1068	func_80051E24	verified	3	u32	2	3	88	s0|s1|s2|s3|s4|s5|s6|s7|ra	
0x80052250	628	func_80052250	verified	3	u32	2	2	64	s0|s1|s2|s3|s4|s5|ra	break
0x800524C4	2772	func_800524C4	high	0	u32	1	6	0	s0|s1|s2|s3|s4|s5|s6|s7|fp|ra	gte|break
0x80052F98	4864	NdIntroDigitFx	verified	0	u32	1	36	144	s0|s1|s2|s3|s4|s5|s6|s7|ra	gp
0x80054298	196	func_80054298	verified	0	u32	1	3	32	s0|s1|ra	
0x8005435C	768	func_8005435C	verified	0	u32	1	13	56	s0|s1|ra	gp
0x8005465C	940	func_8005465C	verified	1	u32	1	3	80	s0|s1|s2|s3|ra	gp
0x80054A08	112	func_80054A08	high	3	u32	1	0	0		leaf
0x80054A78	388	func_80054A78	verified	4	u32	1	1	40	s0|s1|s2|s3|s4|ra	
0x80054BFC	1272	func_80054BFC	high	0	u32	1	2	0	s0|s1|s2|s3|s4|s5|s6|s7|fp|ra	
0x800550F4	432	func_800550F4	high	0	u32	1	2	0	s0|s1|s2|s3|s4|s5|s6|ra	
0x800552A4	1160	func_800552A4	verified	0	u32	1	4	136	s0|s1|s2|s3|s4|s5|s6|s7|fp|ra	
0x8005572C	276	func_8005572C	high	1	u32	2	0	0		leaf|break
0x80055840	1104	func_80055840	verified	0	u32	1	4	96	s0|s1|s2|s3|s4|s5|ra	
0x8005607C	420	func_8005607C	high	0	u32	1	0	0		leaf
0x80056220	220	func_80056220	high	0	u32	1	0	0		leaf
0x800562FC	4052	func_800562FC	high	0	u32	1	14	0	s0|s1|s2|s3|s4|s5|s6|s7|fp|ra	gp
0x800572D0	332	func_800572D0	medium	3	u32	0	2	104	s0|s1|ra	gte|orphan
0x8005741C	668	func_8005741C	medium	3	u32	0	2	136	s0|s1|s2|s3|s4|s5|s6|s7|ra	gte|orphan
0x80057884	960	func_80057884	high	0	u32	1	3	0	s0|s1|s2|s3|s4|s5|ra	gte|break|gp
0x80057C44	36	func_80057C44	low	1	u32	0	0	0		leaf|orphan
0x80057C68	36	func_80057C68	high	1	u32	2	0	0		leaf
0x80057C8C	3084	func_80057C8C	verified	3	u32	2	8	80	s0|s1|s2|s3|s4|s5|s6|s7|ra	
0x80058898	176	func_80058898	verified	2	u32	1	2	32	s0|s1|s2|ra	
0x80058948	280	func_80058948	high	1	u32	3	0	0		leaf
0x80058A60	324	func_80058A60	high	1	u32	2	0	0		leaf
0x80058BA4	160	func_80058BA4	high	0	u32	1	1	0	s0|s1|s2|ra	
0x80058C4C	224	func_80058C4C	high	1	u32	2	1	0	s0|ra	
0x80058D2C	404	func_80058D2C	verified	2	u32	2	4	40	s0|s1|s2|s3|ra	
0x80058EC0	148	func_80058EC0	verified	1	u32	1	4	32	s0|s1|s2|ra	
0x80058F54	72	func_80058F54	high	3	u32	6	0	0		leaf
0x80058F9C	112	func_80058F9C	high	4	u32	16	0	0		leaf|break
0x8005900C	100	func_8005900C	medium	4	u32	0	1	32	ra	orphan
0x80059070	144	func_80059070	high	2	u32	4	0	0		leaf
0x80059100	580	func_80059100	verified	3	u32	1	1	40	s0|s1|s2|s3|ra	
0x80059344	532	func_80059344	verified	2	u32	1	2	72	s0|s1|s2|s3|s4|s5|s6|s7|fp|ra	gte
0x80059558	552	func_80059558	verified	2	u32	1	1	48	s0|s1|s2|s3|s4|s5|ra	gte
0x80059780	664	func_80059780	verified	2	u32	1	3	40	s0|s1|s2|s3|s4|ra	gte
0x80059A18	4364	func_80059A18	verified	2	u32	10	16	104	s0|s1|s2|s3|s4|s5|s6|s7|fp|ra	gte|addr_taken
0x8005AB24	216	func_8005AB24	verified	2	u32	2	2	32	s0|s1|s2|ra	
0x8005ABFC	1224	func_8005ABFC	verified	4	u32	5	5	64	s0|s1|s2|s3|s4|s5|ra	
0x8005B0C4	48	func_8005B0C4	high	2	u32	3	0	0		leaf
0x8005B0F4	132	func_8005B0F4	high	2	u32	4	0	0		leaf
0x8005B178	920	func_8005B178	verified	2	u32	4	5	48	s0|s1|s2|s3|ra	addr_taken
0x8005B510	236	func_8005B510	verified	2	u32	1	3	40	s0|s1|s2|s3|ra	addr_taken
0x8005B6B8	104	func_8005B6B8	high	2	u32	1	0	0		leaf
0x8005B720	2560	func_8005B720	verified	0	u32	1	2	72	s0|s1|s2|s3|s4|s5|s6|s7|fp|ra	gte
0x8005C120	344	func_8005C120	high	4	u32	1	0	0		leaf
0x8005C278	220	func_8005C278	high	4	u32	1	0	0		leaf
0x8005C354	1744	func_8005C354	verified	2	u32	1	2	64	s0|s1|s2|s3|s4|s5|s6|s7|fp|ra	gte
0x8005CA24	760	func_8005CA24	verified	1	u32	1	1	64	s0|s1|s2|s3|s4|ra	gte|break
0x8005CD1C	584	func_8005CD1C	verified	2	u32	2	2	48	s0|s1|s2|s3|s4|s5|ra	
0x8005CF64	364	func_8005CF64	high	4	u32	1	0	0		leaf|gp
0x8005D0D0	328	func_8005D0D0	verified	2	u32	1	1	32	s0|s1|s2|ra	gp
0x8005D218	492	func_8005D218	verified	4	u32	1	3	40	s0|s1|s2|s3|ra	gp
0x8005D404	3328	func_8005D404	verified	3	u32	1	13	96	s0|s1|s2|s3|s4|s5|s6|s7|ra	break|gp
0x8005E104	272	func_8005E104	high	2	u32	1	0	0		leaf
0x8005E214	2124	func_8005E214	medium	2	u32	0	3	72	s0|s1|s2|s3|s4|s5|s6|s7|fp|ra	gte|orphan
0x8005EE34	2664	func_8005EE34	verified	2	u32	10	6	48	s0|s1|s2|s3|ra	gte|break|addr_taken
0x8005F89C	688	func_8005F89C	verified	3	u32	5	0	16	s0	leaf|gte|break
0x8005FB4C	320	func_8005FB4C	low	1	u32	0	0	0		leaf|gte|orphan
0x80060458	48	func_80060458	low	2	u32	1	0	0		leaf|orphan
0x80060488	280	func_80060488	medium	4	u32	0	2	40	s0|s1|s2|s3|ra	orphan
0x800605A0	144	func_800605A0	high	2	u32	1	0	0		leaf|break
0x80060630	2268	func_80060630	verified	2	u32	7	8	64	s0|s1|s2|s3|s4|ra	gte|addr_taken
0x80060F0C	1404	func_80060F0C	verified	1	u32	1	1	32	s0|s1|ra	
0x80061488	436	func_80061488	high	1	u32	1	0	0		leaf
0x8006163C	116	func_8006163C	verified	3	u32	1	1	32	ra	
0x800616B0	284	func_800616B0	high	3	u32	1	0	0		leaf|break
0x800617CC	80	func_800617CC	verified	3	u32	1	1	24	ra	
0x8006181C	4624	func_8006181C	verified	2	u32	2	9	80	s0|s1|s2|s3|s4|s5|s6|s7|fp|ra	addr_taken
0x80062B74	308	func_80062B74	high	2	u32	1	6	0	s0|ra	addr_taken
0x80062E94	184	func_80062E94	low	2	u32	0	4	0		leaf|orphan
0x80063634	24	func_80063634	low	1	u32	0	0	0		leaf|orphan
0x80063934	272	func_80063934	low	2	u32	0	4	0		leaf|orphan
0x80063BD4	288	func_80063BD4	low	2	u32	1	3	0		leaf|orphan
0x80063EC0	364	func_80063EC0	verified	2	u32	1	8	24	s0|ra	addr_taken
0x80064254	152	func_80064254	low	2	u32	0	3	0		leaf|orphan
0x800644D0	152	func_800644D0	low	2	u32	0	3	0		leaf|orphan
0x80064568	1660	func_80064568	verified	4	u32	2	8	64	s0|s1|s2|s3|s4|s5|s6|ra	gte
0x80064BE4	84	func_80064BE4	high	1	u32	3	0	0		leaf
0x80064C38	860	func_80064C38	verified	2	u32	4	6	56	s0|s1|s2|s3|ra	
0x80064F94	820	func_80064F94	verified	1	u32	1	2	128	s0|s1|s2|s3|ra	gte
0x800652C8	324	func_800652C8	verified	3	u32	1	1	32	s0|s1|ra	
0x8006540C	4824	func_8006540C	verified	3	u32	2	28	96	s0|s1|s2|s3|s4|s5|ra	
0x800666E4	152	func_800666E4	verified	1	u32	1	2	24	s0|ra	
0x8006677C	1332	func_8006677C	medium	2	u32	0	2	40	s0|s1|s2|s3|ra	orphan
0x80066CB0	156	func_80066CB0	medium	1	u32	0	1	32	s0|s1|s2|ra	orphan
0x800671B0	748	func_800671B0	medium	2	u32	0	7	40	s0|s1|s2|s3|ra	orphan
0x800677D0	352	func_800677D0	verified	2	u32	1	3	32	s0|s1|s2|ra	addr_taken
0x80067F4C	336	func_80067F4C	verified	2	u32	1	3	24	s0|ra	addr_taken
0x800683F4	444	func_800683F4	medium	4	u32	2	2	56	s0|s1|s2|s3|s4|s5|s6|s7|ra	orphan
0x800685B0	148	func_800685B0	low	1	u32	1	1	0	s0|ra	orphan
0x80068644	1444	func_80068644	medium	2	u32	0	4	64	s0|s1|s2|s3|s4|s5|s6|s7|fp|ra	gte|orphan
0x80069284	236	func_80069284	high	1	u32	1	0	0		leaf
0x80069BB0	276	NdIntroSiblingRtptEmit	high	3	u32	1	1	0		gte
0x80069CC4	428	func_80069CC4	high	4	u32	1	0	0		leaf|gte
0x80069E70	156	func_80069E70	high	4	void	1	1	0		gte
0x80069F0C	136	func_80069F0C	low	3	u32	1	1	0		gte|indirect
0x80069F94	104	func_80069F94	high	0	u32	1	0	0		leaf
0x80069FFC	1224	func_80069FFC	high	4	u32	1	1	0		gte|gp
0x8006A4C4	104	func_8006A4C4	high	0	u32	1	0	0		leaf
0x8006AAA8	708	func_8006AAA8	verified	2	u32	1	0	60	s0|s1|s2|s3|s4|s5|s6|s7|fp|ra	gte|gp|indirect
0x8006AE74	28	func_8006AE74	high	0	u32	1	0	0		leaf|gte
0x8006B4C8	448	func_8006B4C8	low	0	u32	0	6	0		orphan|indirect
0x8006B688	100	func_8006B688	low	0	void	1	0	0		leaf|orphan
0x8006B6EC	104	func_8006B6EC	low	0	void	1	0	0		leaf|gte|orphan
0x8006B754	104	func_8006B754	low	0	void	1	0	0		leaf|gte|orphan
0x8006B7BC	56	func_8006B7BC	low	0	void	1	0	0		leaf|orphan
0x8006B7F4	56	func_8006B7F4	low	0	void	1	0	0		leaf|orphan
0x8006B82C	292	func_8006B82C	low	0	void	1	0	0		leaf|orphan
0x8006C2A4	212	func_8006C2A4	high	2	u32	10	3	0		
0x8006C378	56	func_8006C378	low	2	void	2	0	0		leaf|orphan
0x8006C3B0	128	func_8006C3B0	high	3	void	3	2	0		
0x8006C430	108	func_8006C430	high	0	u32	1	0	0		leaf
0x8006C49C	164	func_8006C49C	low	0	u32	3	0	0		leaf|gte
0x8006C540	24	func_8006C540	high	0	void	3	0	0		leaf|gte
0x8006C558	168	func_8006C558	high	0	u32	1	0	0		leaf|gte
0x8006C600	24	func_8006C600	high	0	void	1	0	0		leaf|gte
0x8006C618	108	func_8006C618	high	1	u32	14	0	0		leaf|gte
0x8006C684	68	func_8006C684	high	1	u32	8	0	0		leaf
0x8006C6F0	136	func_8006C6F0	high	2	u32	1	0	0		leaf|gte
0x8006D094	452	func_8006D094	low	4	u32	0	5	0		orphan|indirect
0x8006D258	100	func_8006D258	low	0	void	1	0	0		leaf|orphan
0x8006D2BC	104	func_8006D2BC	low	1	void	1	0	0		leaf|gte|orphan|indirect
0x8006D324	104	func_8006D324	low	1	void	1	0	0		leaf|gte|orphan|indirect
0x8006D38C	60	func_8006D38C	low	1	void	1	0	0		leaf|orphan|indirect
0x8006D3C8	60	func_8006D3C8	low	1	void	1	0	0		leaf|orphan|indirect
0x8006D4A4	184	func_8006D4A4	low	0	void	0	0	0		leaf|orphan
0x8006D79C	200	func_8006D79C	high	4	u32	2	1	0		gte
0x8006D864	228	func_8006D864	high	4	u32	1	1	0		gte
0x8006D948	264	func_8006D948	high	4	u32	1	1	0		gte|gp
0x8006DA50	300	func_8006DA50	high	4	u32	1	1	0		gte|gp
0x8006DB7C	180	func_8006DB7C	high	4	u32	4	0	0		leaf|gte
0x8006DC30	1596	func_8006DC30	high	4	u32	1	0	0		leaf|gte|gp
0x8006E26C	796	func_8006E26C	high	4	u32	1	0	0		leaf|gte|gp
0x8006E588	2472	func_8006E588	high	3	u32	1	2	0		gte|gp|indirect
0x8006EF30	104	func_8006EF30	high	0	u32	2	0	0		leaf
0x8006EF98	108	func_8006EF98	high	0	void	2	0	0		leaf|gte
0x8006F004	2468	func_8006F004	high	3	u32	1	2	0		gte|gp|indirect
0x8006F9A8	1120	func_8006F9A8	high	4	u32	1	1	0		gte|gp
0x8006FE08	104	func_8006FE08	high	0	u32	1	0	0		leaf
0x8006FE70	1044	func_8006FE70	high	4	u32	1	2	0		gte|gp
0x80070284	12	func_80070284	low	0	void	2	0	0		leaf|indirect
0x800702D4	52	func_800702D4	high	0	u32	1	0	0		leaf
0x80070308	8	func_80070308	low	0	void	1	0	0		leaf|indirect
0x80070388	920	func_80070388	high	4	u32	1	1	0		gte|gp
0x80070720	300	func_80070720	high	4	u32	1	2	0		gp
0x8007084C	260	func_8007084C	high	4	u32	1	2	0		gp
0x80070950	3028	func_80070950	high	3	u32	2	6	0		gte|gp
0x80071524	108	func_80071524	high	0	void	1	0	0		leaf
0x80071590	88	func_80071590	high	0	u32	2	0	0		leaf
0x800715E8	168	func_800715E8	low	1	u32	2	0	0		gp|indirect
0x80071694	32	func_80071694	low	1	u32	0	0	0		leaf|orphan
0x800716EC	24	func_800716EC	low	2	void	1	0	0		leaf|indirect
0x8007170C	40	func_8007170C	high	3	u32	3	0	0		leaf|gte
0x8007173C	372	func_8007173C	high	2	u32	14	0	0		leaf|break
0x800718BC	12	bios_A0_2B_memset	verified	0	void	16	0	0		bios|leaf
0x800718CC	12	bios_A0_17_strcmp	verified	0	void	4	0	0		bios|leaf
0x800718DC	32	func_800718DC	high	1	void	3	0	0		leaf|gte
0x800718FC	48	func_800718FC	high	1	void	5	0	0		leaf|gte
0x8007192C	12	bios_A0_1A_strncpy	verified	0	void	1	0	0		bios|leaf
0x8007193C	48	func_8007193C	high	1	u32	2	0	0		leaf
0x8007196C	16	func_8007196C	high	0	u32	2	0	0		leaf
0x8007197C	16	func_8007197C	high	0	u32	1	0	0		leaf
0x8007198C	16	func_8007198C	low	0	u32	0	0	0		leaf|orphan
0x8007199C	12	func_8007199C	high	0	u32	1	0	0		leaf
0x800719A8	32	func_800719A8	verified	0	void	1	1	24	ra	
0x800719C8	20	func_800719C8	high	1	u32	1	0	0		leaf
0x800719DC	32	func_800719DC	verified	0	void	2	1	24	ra	
0x800719FC	20	func_800719FC	high	1	u32	4	0	0		leaf
0x80071A10	20	func_80071A10	high	1	u32	4	0	0		leaf
0x80071A24	316	func_80071A24	verified	3	u32	12	1	56	s0|s1|s2|s3|s4|s5|s6|s7|fp|ra	
0x80071B60	308	func_80071B60	verified	2	u32	1	1	56	s0|s1|s2|s3|s4|s5|s6|s7|fp|ra	
0x80071C94	332	func_80071C94	verified	3	u32	1	2	56	s0|s1|s2|s3|s4|s5|s6|s7|fp|ra	
0x80071DE0	32	func_80071DE0	medium	0	u32	0	1	24	ra	orphan
0x80071E00	32	func_80071E00	medium	0	u32	0	1	24	ra	orphan
0x80071E20	36	func_80071E20	verified	1	void	2	1	24	ra	
0x80071E44	32	func_80071E44	medium	0	void	0	1	24	ra	orphan
0x80071E64	260	func_80071E64	high	2	u32	7	0	0		leaf
0x80071F68	128	func_80071F68	high	1	u32	5	0	0		leaf
0x80071FE8	144	func_80071FE8	verified	0	u32	1	2	24	s0|ra	
0x80072078	60	func_80072078	verified	0	u32	1	2	24	ra	
0x80072138	316	func_80072138	verified	1	u32	3	1	24	ra	
0x80072278	60	func_80072278	verified	1	u32	2	1	24	s0|ra	
0x800722B8	728	func_800722B8	high	2	u32	4	5	0	s0|s1|s2|s3|s4|s5|s6|ra	
0x80072590	32	func_80072590	verified	0	u32	1	1	24	ra	
0x800725B0	708	func_800725B0	verified	0	u32	1	4	64	s0|s1|s2|s3|s4|s5|s6|ra	
0x80072874	164	func_80072874	verified	2	u32	1	1	40	s0|s1|s2|s3|s4|ra	
0x80072918	668	func_80072918	high	1	u32	1	4	0	s0|s1|s2|s3|s4|s5|s6|ra	
0x80072BB4	104	func_80072BB4	verified	3	u32	2	4	40	s0|s1|ra	
0x80072C28	36	func_80072C28	high	1	u32	2	0	0		leaf
0x80072C58	64	func_80072C58	verified	1	u32	1	1	24	ra	
0x80072C98	24	func_80072C98	high	2	u32	2	0	0		leaf
0x80072CB8	108	func_80072CB8	medium	2	u32	0	1	24	ra	orphan
0x80072D28	372	func_80072D28	verified	1	u32	2	5	32	s0|s1|ra	indirect
0x80072E9C	92	func_80072E9C	verified	1	u32	1	1	24	s0|ra	
0x80072EF8	96	func_80072EF8	verified	1	u32	2	1	32	s0|s1|ra	
0x80072F58	152	func_80072F58	verified	1	u32	1	2	32	s0|s1|ra	indirect
0x80072FF0	104	func_80072FF0	high	1	u32	7	1	0	s0|ra	indirect
0x80073058	284	func_80073058	verified	2	u32	3	1	32	s0|ra	
0x80073174	96	func_80073174	verified	2	u32	3	1	32	s0|s1|ra	indirect
0x800731D4	96	func_800731D4	verified	2	u32	1	1	32	s0|s1|ra	indirect
0x80073234	184	func_80073234	verified	3	u32	1	1	32	s0|s1|s2|ra	indirect
0x800732EC	172	func_800732EC	high	2	u32	1	1	0	s0|s1|ra	indirect
0x80073398	112	func_80073398	high	1	u32	4	1	0	s0|ra	indirect
0x80073408	192	func_80073408	verified	1	u32	4	3	32	s0|s1|s2|ra	indirect
0x800734C8	1272	func_800734C8	verified	1	u32	3	3	32	s0|s1|s2|ra	indirect
0x800739C0	504	func_800739C0	verified	2	u32	2	5	40	s0|s1|ra	
0x80073BB8	624	func_80073BB8	verified	2	u32	1	5	40	s0|s1|ra	
0x80073E28	32	func_80073E28	high	3	u32	2	0	0		leaf
0x80073E48	152	func_80073E48	high	2	u32	2	0	0		leaf
0x80073EE0	152	func_80073EE0	high	2	u32	2	0	0		leaf
0x80073F78	28	func_80073F78	high	2	u32	2	0	0		leaf
0x80073F94	128	func_80073F94	high	1	u32	2	0	0		leaf
0x80074870	72	GpuPacketLinkTail	low	1	u32	0	0	0		leaf|orphan
0x800748B8	48	GpuPacketOrCode	high	1	u32	0	0	0		leaf|addr_taken
0x8007490C	688	func_8007490C	medium	4	u32	0	5	40	s0|s1|s2|s3|ra	orphan|indirect
0x80074BBC	608	func_80074BBC	medium	0	u32	1	2	0	s0|s1|ra	addr_taken|orphan|indirect
0x80074E1C	336	func_80074E1C	verified	1	u32	1	3	24	s0|ra	addr_taken
0x800750A8	52	func_800750A8	medium	0	u32	1	1	24	ra	orphan
0x800750DC	324	func_800750DC	medium	0	u32	1	3	32	ra	orphan
0x80075220	160	func_80075220	high	1	u32	1	0	0		leaf
0x800752E8	36	func_800752E8	high	3	u32	3	0	0		leaf
0x80075310	60	func_80075310	high	2	u32	14	0	0		leaf
0x80075350	376	func_80075350	high	1	u32	14	1	0	s0|s1|ra	
0x800754C8	152	func_800754C8	verified	2	u32	1	3	32	ra	
0x80075560	48	func_80075560	low	1	void	0	0	0		leaf|gte|orphan
0x80075590	204	func_80075590	low	0	u32	1	0	0	ra	orphan|indirect
0x80075660	340	func_80075660	verified	2	u32	1	1	32	s0|s1|ra	
0x800757C0	204	func_800757C0	verified	0	u32	1	5	24	s0|ra	indirect
0x8007588C	68	func_8007588C	verified	0	void	1	4	24	ra	
0x800758D0	124	func_800758D0	low	2	u32	1	0	0	s0|s1|ra	orphan|indirect
0x80075A40	156	func_80075A40	high	3	u32	2	0	0	s0|s1|s2|ra	indirect
0x80075BA0	64	func_80075BA0	low	3	u32	1	0	0	s0|s1|ra	orphan|indirect
0x80075BE0	212	func_80075BE0	low	3	u32	1	0	0	s0|s1|ra	orphan|indirect
0x80075CC0	12	bios_A0_19_strcpy	verified	0	void	4	0	0		bios|leaf
0x80075CD0	1236	func_80075CD0	verified	1	u32	1	4	136	s0|s1|s2|s3|s4|s5|s6|s7|fp|ra	
0x800761B0	40	func_800761B0	high	2	u32	1	0	0		leaf
0x800761E0	204	func_800761E0	verified	1	u32	1	1	24	s0|ra	
0x800762B0	92	func_800762B0	verified	1	u32	1	1	24	ra	
0x80076310	92	func_80076310	verified	2	u32	1	1	24	s0|ra	
0x80076370	164	func_80076370	high	1	u32	1	1	0	s0|s1|ra	
0x80076420	316	func_80076420	verified	4	u32	2	0	8		leaf
0x80076560	112	func_80076560	medium	2	u32	1	0	8		leaf|orphan
0x800765D0	64	func_800765D0	high	1	u32	1	0	0		leaf
0x80076610	444	func_80076610	low	2	u32	1	0	0		leaf|orphan
0x800767D0	16	func_800767D0	high	0	void	14	0	0		leaf|syscall
0x800767E0	28	func_800767E0	high	2	u32	1	0	0		leaf
0x80076800	64	func_80076800	high	1	u32	1	0	0		leaf
0x80076840	36	func_80076840	verified	0	void	2	1	24	ra	
0x80076870	32	func_80076870	verified	0	void	1	1	24	ra	
0x80076890	124	func_80076890	medium	3	u32	1	0	8		leaf|orphan
0x80076910	116	func_80076910	medium	1	u32	1	1	32	ra	orphan
0x80076990	16	func_80076990	high	0	void	16	0	0		leaf|syscall
0x800769A0	12	bios_A0_18_strncmp	verified	0	void	4	0	0		bios|leaf
0x80076D28	488	func_80076D28	verified	1	u32	2	12	40	s0|s1|s2|ra	
0x80076F10	412	func_80076F10	verified	3	u32	6	7	40	s0|s1|s2|s3|s4|ra	
0x800770AC	260	func_800770AC	verified	2	u32	5	3	40	s0|s1|s2|s3|s4|ra	
0x800771B0	20	func_800771B0	high	1	u32	2	0	0		leaf
0x800771C4	48	func_800771C4	high	0	u32	4	0	0	ra	indirect
0x800771F4	48	func_800771F4	high	0	u32	4	0	0	ra	indirect
0x80077224	48	func_80077224	high	0	u32	4	0	0	ra	indirect
0x80077254	52	func_80077254	verified	1	u32	2	0	24	ra	indirect
0x80077288	48	func_80077288	high	0	u32	1	0	0	ra	indirect
0x800772B8	16	func_800772B8	high	0	u32	3	0	0		leaf
0x800772C8	24	func_800772C8	high	1	u32	4	0	0		leaf
0x800773B8	464	func_800773B8	medium	0	u32	0	2	40	s0|s1|s2|s3|s4|ra	orphan|indirect
0x800777E8	36	func_800777E8	low	2	u32	0	0	0		leaf|orphan
0x8007780C	12	bios_A0_51_LoadAndExecute	verified	0	void	0	0	0		bios|leaf|orphan
0x8007781C	12	func_8007781C	high	1	void	2	0	0		leaf|gte
0x8007782C	24	func_8007782C	high	2	void	2	0	0		leaf|gte
0x80077854	128	func_80077854	high	0	u32	1	1	0		gte
0x800778DC	96	func_800778DC	high	4	u32	1	0	0		leaf
0x8007793C	168	BootEntry	low	0	u32	0	2	0		break|gp
0x800779E4	112	func_800779E4	high	0	void	1	0	0	s0|s1|ra	indirect
0x80077A54	148	func_80077A54	high	0	u32	1	0	0		leaf
0x80077B48	156	func_80077B48	high	3	u32	1	0	0		leaf
0x80077BE4	56	func_80077BE4	high	1	u32	1	0	0		leaf
0x80077C1C	48	func_80077C1C	high	1	u32	1	0	0		leaf
0x80077C4C	52	func_80077C4C	high	1	u32	2	0	0		leaf
0x80077C80	52	func_80077C80	low	1	u32	0	0	0		leaf|orphan
0x80077CB8	12	bios_A0_2A_memcpy	verified	0	void	5	0	0		bios|leaf
0x80077CC8	12	bios_A0_1B_strlen	verified	0	void	5	0	0		bios|leaf
0x80077CD8	20	func_80077CD8	high	1	u32	1	0	0		leaf
0x80077CEC	16	func_80077CEC	high	0	u32	2	0	0		leaf
0x80077D10	12	bios_A0_72_CdRemove	verified	0	void	0	0	0		bios|leaf|orphan
0x80077D28	12	bios_A0_71_CdInit	verified	0	void	0	0	0		bios|leaf|orphan
0x80077D38	180	func_80077D38	verified	4	u32	2	1	40	s0|s1|s2|s3|s4|ra	
0x80077DF8	60	func_80077DF8	high	4	u32	1	0	0		leaf
0x80077E38	108	func_80077E38	high	3	u32	5	0	0		leaf
0x80077EA8	12	bios_A0_AB	verified	0	void	1	0	0		bios|leaf
0x80077EB8	12	bios_B0_45_FileDelete	verified	0	void	1	0	0		bios|leaf
0x80077EC8	12	bios_B0_33_FileSeek	verified	0	void	2	0	0		bios|leaf
0x80077ED8	12	bios_B0_36_FileClose	verified	0	void	3	0	0		bios|leaf
0x80077EE8	108	func_80077EE8	verified	1	void	1	8	24	s0|ra	
0x80077F54	56	func_80077F54	verified	0	void	1	4	24	ra	
0x80077F8C	40	func_80077F8C	verified	0	void	1	2	24	ra	
0x80077FB8	12	bios_B0_35_FileWrite	verified	0	void	1	0	0		bios|leaf
0x80077FC8	12	bios_B0_0C_EnableEvent	verified	0	void	2	0	0		bios|leaf
0x80077FD8	12	bios_A0_70__bu_init	verified	0	void	1	0	0		bios|leaf
0x80077FE8	12	bios_B0_43_nextfile	verified	0	void	2	0	0		bios|leaf
0x80077FF8	52	func_80077FF8	verified	1	void	1	2	24	s0|ra	
0x80078038	12	bios_B0_41_FormatDevice	verified	0	void	1	0	0		bios|leaf
0x80078048	12	bios_B0_08_OpenEvent	verified	0	void	2	0	0		bios|leaf
0x80078058	12	bios_B0_34_FileRead	verified	0	void	1	0	0		bios|leaf
0x80078068	12	bios_B0_0B_TestEvent	verified	0	void	4	0	0		bios|leaf
0x80078078	12	bios_B0_32_FileOpen	verified	0	void	3	0	0		bios|leaf
0x80078088	412	func_80078088	verified	2	u32	2	2	40	s0|s1|s2|s3|ra	
0x80078328	12	bios_B0_09_CloseEvent	verified	0	void	1	0	0		bios|leaf
0x80078338	12	bios_A0_AC	verified	0	void	2	0	0		bios|leaf
0x80078348	2180	func_80078348	high	4	u32	16	3	0	s0|s1|s2|s3|s4|s5|s6|s7|ra	
0x80078BD8	12	bios_A0_15_strcat	verified	0	void	1	0	0		bios|leaf|orphan
0x80078BE8	12	bios_A0_2F_rand	verified	0	void	1	0	0		bios|leaf
0x80078D34	2332	func_80078D34	medium	0	u32	0	5	64	ra	orphan|indirect
0x80079650	44	func_80079650	low	3	u32	1	0	0		leaf|orphan
0x8007967C	424	func_8007967C	medium	4	u32	1	1	48	s0|s1|s2|s3|s4|ra	orphan
0x80079824	96	func_80079824	medium	0	void	0	1	24	ra	orphan
0x80079984	240	func_80079984	medium	1	u32	0	2	24	ra	orphan
0x80079A74	144	func_80079A74	medium	2	u32	1	1	32	s0|s1|ra	orphan
0x80079B04	140	func_80079B04	medium	2	u32	0	1	32	s0|s1|ra	orphan
0x80079B90	148	func_80079B90	medium	0	u32	1	1	32	ra	orphan
0x80079C24	148	func_80079C24	medium	0	u32	1	1	32	ra	orphan
0x80079CD0	124	func_80079CD0	medium	1	u32	2	1	24	ra	orphan
0x8007A214	28	func_8007A214	low	3	void	0	0	0		leaf|orphan
0x8007A324	140	func_8007A324	low	0	u32	1	0	0	ra	orphan|indirect
0x8007A594	232	func_8007A594	verified	1	u32	1	4	24	s0|ra	
0x8007A67C	112	func_8007A67C	high	0	u32	1	5	0	ra	
0x8007A6F4	640	func_8007A6F4	verified	1	u32	1	3	32	s0|s1|ra	
0x8007A974	448	func_8007A974	high	2	u32	2	2	0	s0|s1|s2|s3|ra	
0x8007ABF0	168	func_8007ABF0	low	3	u32	1	2	0	s0|s1|ra	orphan
0x8007AC98	640	func_8007AC98	high	4	u32	2	2	0	s0|ra	
0x8007AF18	132	func_8007AF18	high	2	u32	1	2	0	s0|s1|ra	
0x8007AF9C	68	func_8007AF9C	high	3	u32	2	0	0		leaf
0x8007AFE0	164	func_8007AFE0	high	2	u32	3	0	0		leaf|break
0x8007B0DC	40	func_8007B0DC	high	0	u32	1	0	0		leaf
0x8007B104	40	func_8007B104	high	0	u32	2	0	0		leaf
0x8007B12C	92	func_8007B12C	verified	0	u32	3	0	8		leaf
0x8007B194	1372	func_8007B194	verified	0	u32	3	2	48	s0|s1|ra	
0x8007B6F0	640	func_8007B6F0	verified	2	u32	3	6	64	s0|s1|s2|s3|s4|s5|s6|s7|fp|ra	indirect
0x8007B970	712	func_8007B970	verified	2	u32	1	6	64	s0|s1|s2|s3|s4|s5|s6|s7|fp|ra	indirect
0x8007BC38	1036	func_8007BC38	high	4	u32	4	7	0	s0|s1|s2|s3|s4|s5|s6|ra	indirect
0x8007C044	212	func_8007C044	high	0	u32	5	0	0		leaf
0x8007C118	240	func_8007C118	high	0	u32	1	0	0		leaf
0x8007C208	480	func_8007C208	verified	0	u32	1	6	24	ra	
0x8007C3E8	360	func_8007C3E8	medium	1	u32	1	4	48	s0|s1|s2|s3|s4|ra	orphan
0x8007C550	256	func_8007C550	low	2	u32	1	0	0		leaf|orphan
0x8007C650	236	func_8007C650	low	2	u32	1	0	0		leaf|orphan
0x8007C820	12	bios_A0_3F_printf	verified	0	void	28	0	0		bios|leaf
0x8007C830	12	bios_B0_07_DeliverEvent	verified	0	void	0	0	0		bios|leaf|orphan
0x8007C840	36	func_8007C840	verified	1	void	1	1	24	ra	
0x8007C870	12	bios_A0_49_GPU_cw	verified	0	void	1	0	0		bios|leaf
0x8007C880	88	func_8007C880	medium	0	u32	0	2	24	ra	orphan
0x8007C970	36	func_8007C970	low	2	u32	1	0	0		leaf|orphan
0x8007C9A8	12	bios_B0_3F_std_out_puts	verified	0	void	8	0	0		bios|leaf
0x8007C9C0	12	bios_B0_5B_ChangeClearPad	verified	0	void	3	0	0		bios|leaf
0x8007C9D0	12	bios_C0_0A_ChangeClearRCnt	verified	0	void	3	0	0		bios|leaf
0x8007CBD8	820	func_8007CBD8	medium	1	u32	0	4	32	s0|s1|ra	orphan|indirect
0x8007CF0C	240	func_8007CF0C	medium	1	u32	0	2	24	s0|ra	orphan|indirect
0x8007CFFC	548	func_8007CFFC	medium	2	u32	0	1	40	s0|s1|s2|s3|ra	orphan
0x8007D220	636	func_8007D220	medium	2	u32	0	2	40	s0|s1|s2|s3|ra	orphan
0x8007D49C	144	func_8007D49C	medium	0	u32	2	1	24	ra	orphan
0x8007D52C	40	func_8007D52C	low	0	u32	1	0	0		leaf|orphan
0x8007D554	16	func_8007D554	low	4	void	0	0	0		leaf|orphan
0x8007D564	132	func_8007D564	verified	1	u32	1	3	24	ra	
0x8007D5E8	624	func_8007D5E8	medium	1	u32	0	2	24	s0|ra	orphan|indirect
0x8007D858	56	func_8007D858	low	1	u32	1	0	0		leaf|orphan
0x8007D890	212	func_8007D890	medium	2	u32	1	0	32	s0|s1|ra	orphan|indirect
0x8007DE04	32	func_8007DE04	high	2	u32	1	0	0		leaf
0x8007DE24	20	func_8007DE24	high	1	u32	1	0	0		leaf
0x8007DE38	32	func_8007DE38	high	2	u32	1	0	0		leaf
0x8007DE58	32	func_8007DE58	low	2	u32	0	0	0		leaf|orphan
0x8007DE78	32	func_8007DE78	high	2	u32	1	0	0		leaf
0x8007DE98	20	func_8007DE98	low	1	u32	0	0	0		leaf|orphan
0x8007DEAC	32	func_8007DEAC	low	1	u32	3	0	0		leaf|orphan
0x8007DECC	160	func_8007DECC	low	0	u32	4	0	0		leaf|orphan
0x8007E740	280	func_8007E740	verified	0	u32	1	2	32	s0|s1|ra	
0x8007EE24	624	func_8007EE24	verified	1	u32	2	3	24	ra	addr_taken|indirect
0x8007F47C	844	func_8007F47C	medium	1	u32	1	1	40	s0|s1|s2|s3|ra	orphan|indirect
0x8007F880	12	bios_C0_03_SysDeqIntRP	verified	0	void	2	0	0		bios|leaf
0x8007F890	12	bios_C0_02_SysEnqIntRP	verified	0	void	1	0	0		bios|leaf
0x8007F8A0	140	func_8007F8A0	high	1	u32	3	0	0		leaf
0x8007F930	1232	func_8007F930	high	1	u32	1	0	0		leaf
0x8007FE00	404	func_8007FE00	verified	1	u32	1	3	56	s0|s1|s2|s3|s4|s5|ra	
0x8007FFA0	700	func_8007FFA0	high	4	u32	1	0	0		leaf
0x80080260	12	bios_A0_13_setjmp	verified	0	void	0	0	0		bios|leaf|orphan
0x80080270	12	bios_B0_19_SetCustomExitFromException	verified	0	void	0	0	0		bios|leaf|orphan
0x80080280	76	func_80080280	medium	0	u32	0	2	24	ra	orphan
0x800804F8	36	func_800804F8	low	2	u32	1	0	0		leaf|orphan
0x80080520	12	bios_B0_17_ReturnFromException	verified	0	void	1	0	0		bios|leaf|orphan
0x80080530	12	bios_B0_18_SetDefaultExitFromException	verified	0	void	0	0	0		bios|leaf|orphan
0x80080540	172	func_80080540	high	0	u32	1	3	0		indirect
0x80080620	12	bios_A0_39_InitHeap	verified	0	void	1	0	0		bios|leaf
0x80080630	16	func_80080630	high	0	u32	1	0	0		leaf
0x80080640	12	bios_B0_4A_InitCard	verified	0	void	1	0	0		bios|leaf
0x800806E8	148	func_800806E8	high	0	u32	2	2	0		addr_taken|indirect
0x8008077C	112	func_8008077C	high	0	u32	1	3	0		indirect
0x800807EC	52	func_800807EC	high	0	u32	1	0	0		leaf
0x80080820	12	bios_B0_4B_StartCard	verified	0	void	1	0	0		bios|leaf
0x80080830	12	bios_B0_4C_StopCard	verified	0	void	1	0	0		bios|leaf
0x80080840	112	func_80080840	high	0	u32	1	3	0		indirect
0x800808C0	12	bios_B0_50__new_card	verified	0	void	1	0	0		bios|leaf
0x800808D0	12	bios_B0_4E__card_write	verified	0	void	1	0	0		bios|leaf
0x800808E0	12	bios_B0_42_firstfile	verified	0	void	1	0	0		bios|leaf
0x800808F0	12	bios_A0_2E_memchr	verified	0	void	1	0	0		bios|leaf
0x80080900	52	func_80080900	low	2	u32	2	0	0		leaf|orphan
0x80080940	36	func_80080940	verified	1	void	1	1	24	ra	
0x80080970	12	bios_A0_28_bzero	verified	0	void	1	0	0		bios|leaf
0x80080980	12	bios_B0_0A_WaitEvent	verified	0	void	1	0	0		bios|leaf
0x80080990	12	bios_A0_44_FlushCache	verified	0	void	4	0	0		bios|leaf
